{
    "interactionModel": {
        "languageModel": {
            "invocationName": "memory game",
            "modelConfiguration": {
                "fallbackIntentSensitivity": {
                    "level": "LOW"
                }
            },
            "intents": [
                {
                    "name": "YesIntent",
                    "slots": [],
                    "samples": [
                        "yes",
                        "sure"
                    ]
                },
                {
                    "name": "AnswerIntent",
                    "slots": [
                        {
                            "name": "first",
                            "type": "AMAZON.NUMBER"
                        },
                        {
                            "name": "second",
                            "type": "AMAZON.NUMBER"
                        },
                        {
                            "name": "third",
                            "type": "AMAZON.NUMBER"
                        }
                    ],
                    "samples": [
                        "{first} {second} {third}",
                        "{first} {second} and {third}"
                    ]
                },
                {
                    "name": "AMAZON.CancelIntent",
                    "samples": []
                },
                {
                    "name": "AMAZON.HelpIntent",
                    "samples": []
                },
                {
                    "name": "AMAZON.StopIntent",
                    "samples": [
                        "stop",
                        "over"
                    ]
                },
                {
                    "name": "AMAZON.NavigateHomeIntent",
                    "samples": []
                },
                {
                    "name": "AMAZON.FallbackIntent",
                    "samples": []
                }
            ],
            "types": []
        }
    }
}
